NUM_VIOLATED_ROWS,PCT_VIOLATED_ROWS,NUM_DENOMINATOR_ROWS,TABLE_NAME
4999,3.8336709811505933e-4,13039721,CONDITION_OCCURRENCE
4128,1.1780371076552122e-4,35041341,DRUG_EXPOSURE
1514,6.955790164668914e-5,21766039,MEASUREMENT
